model,loss,accuracy,elapsed
04convset,0.13689,0.9595,94.37375909999992
