model,loss,accuracy,elapsed
04convset,0.16346,0.9495,17.69224930000007
